tau,precision,recall,f1,tpr,fpr,youden_j
-0.3473791,0.5003061849357011,1.0,0.6669387755102041,0.9999999999998775,0.9987760097917994,0.001223990208078174
-0.33760068,0.5003061849357011,1.0,0.6669387755102041,0.9999999999998775,0.9987760097917994,0.001223990208078174
-0.32782227,0.5006127450980392,1.0,0.6672111065741119,0.9999999999998775,0.9975520195837212,0.002447980416156348
-0.31804386,0.5006127450980392,1.0,0.6672111065741119,0.9999999999998775,0.9975520195837212,0.002447980416156348
-0.30826545,0.5006127450980392,1.0,0.6672111065741119,0.9999999999998775,0.9975520195837212,0.002447980416156348
-0.29848707,0.5006127450980392,1.0,0.6672111065741119,0.9999999999998775,0.9975520195837212,0.002447980416156348
-0.28870866,0.5009196811771919,1.0,0.6674836601307189,0.9999999999998775,0.996328029375643,0.003671970624234522
-0.27893025,0.5012269938650307,1.0,0.6677564364527994,0.9999999999998775,0.9951040391675648,0.004895960832312696
-0.26915184,0.5018427518427518,1.0,0.6683026584867076,0.9999999999998775,0.9926560587514084,0.007343941248469155
-0.25937343,0.502460024600246,1.0,0.6688497748669668,0.9999999999998775,0.990208078335252,0.009791921664625503
-0.24959502,0.5027692307692307,1.0,0.6691236691236692,0.9999999999998775,0.9889840881271739,0.011015911872703676
-0.23981662,0.5036991368680641,1.0,0.6699466994669947,0.9999999999998775,0.9853121175029393,0.014687882496938198
-0.23003821,0.505256648113791,1.0,0.6713229252259655,0.9999999999998775,0.9791921664625484,0.02080783353732918
-0.2202598,0.5071384233395406,1.0,0.6729818780889621,0.9999999999998775,0.9718482252140793,0.028151774785798223
-0.2104814,0.5077688004972032,1.0,0.6735366859027205,0.9999999999998775,0.9694002447979229,0.03059975520195468
-0.200703,0.5099875156054932,1.0,0.6754857379082265,0.9999999999998775,0.9608323133413756,0.0391676866585019
-0.19092458,0.5122257053291536,1.0,0.6774461028192371,0.9999999999998775,0.9522643818848283,0.04773561811504923
-0.18114617,0.513530522341095,0.9987760097919217,0.6783042394014963,0.9987760097917994,0.9461444308444373,0.052631578947362034
-0.17136776,0.5158227848101266,0.9975520195838433,0.6800166875260742,0.9975520195837212,0.9363525091798119,0.06119951040390925
-0.16158937,0.5194391332058637,0.9975520195838433,0.683151718357083,0.9975520195837212,0.9228886168909518,0.07466340269276939
-0.15181096,0.5231065468549422,0.9975520195838433,0.6863157894736842,0.9975520195837212,0.9094247246020918,0.08812729498162941
-0.14203255,0.5268261150614092,0.9975520195838433,0.6895093062605753,0.9975520195837212,0.8959608323132318,0.10159118727048944
-0.13225415,0.5285343709468223,0.9975520195838433,0.6909707503179313,0.9975520195837212,0.8898408812728409,0.1077111383108803
-0.12247574,0.5305989583333334,0.9975520195838433,0.6927326816829579,0.9975520195837212,0.8824969400243717,0.11505507955934946
-0.11269733,0.5358788676761027,0.996328029375765,0.696917808219178,0.996328029375643,0.8629130966951207,0.1334149326805223
-0.10291892,0.5401459854014599,0.996328029375765,0.7005163511187608,0.996328029375643,0.8482252141981825,0.1481028151774605
-0.09314051,0.5419440745672437,0.996328029375765,0.7020267356619232,0.996328029375643,0.8421052631577917,0.15422276621785136
-0.0833621,0.5452109845947756,0.996328029375765,0.7047619047619048,0.996328029375643,0.831089351285088,0.16523867809055504
-0.07358372,0.5474108944182918,0.996328029375765,0.7065972222222222,0.996328029375643,0.8237454100366188,0.1725826193390242
-0.06380531,0.55,0.996328029375765,0.7087505441880714,0.996328029375643,0.8151774785800715,0.18115055079557152
-0.0540269,0.550744248985115,0.996328029375765,0.7093681917211329,0.996328029375643,0.8127294981639152,0.18359853121172787
-0.04424849,0.5533650577838205,0.996328029375765,0.7115384615384616,0.996328029375643,0.8041615667073678,0.1921664626682752
-0.03447008,0.5556313993174061,0.996328029375765,0.7134092900964066,0.996328029375643,0.7968176254588988,0.19951040391674424
-0.024691671,0.5556313993174061,0.996328029375765,0.7134092900964066,0.996328029375643,0.7968176254588988,0.19951040391674424
-0.014913261,0.5575342465753425,0.996328029375765,0.714975845410628,0.996328029375643,0.7906976744185078,0.20563035495713522
-0.0051348507,0.5594501718213059,0.996328029375765,0.7165492957746479,0.996328029375643,0.7845777233781169,0.2117503059975261
0.0046435595,0.5613793103448276,0.996328029375765,0.7181296868107632,0.996328029375643,0.778457772337726,0.21787025703791707
0.01442194,0.5629322268326418,0.996328029375765,0.7193990278391516,0.996328029375643,0.7735618115054133,0.22276621787022977
0.02420035,0.5656706045865184,0.996328029375765,0.7216312056737588,0.996328029375643,0.7649938800488659,0.2313341493267771
0.03397876,0.5672473867595819,0.996328029375765,0.7229129662522202,0.996328029375643,0.7600979192165532,0.2362301101590898
0.04375717,0.5688329839273235,0.996328029375765,0.7241992882562278,0.996328029375643,0.7552019583842404,0.2411260709914026
0.05353558,0.56962911126662,0.996328029375765,0.7248441674087266,0.996328029375643,0.7527539779680841,0.24357405140755894
0.06331399,0.56962911126662,0.996328029375765,0.7248441674087266,0.996328029375643,0.7527539779680841,0.24357405140755894
0.0730924,0.5716292134831461,0.996328029375765,0.7264614011601963,0.996328029375643,0.7466340269276931,0.24969400244794993
0.08287078,0.5728360309641097,0.996328029375765,0.7274352100089365,0.996328029375643,0.7429620563034586,0.25336597307218445
0.09264919,0.5744530698659139,0.996328029375765,0.7287376902417189,0.996328029375643,0.7380660954711459,0.25826193390449714
0.1024276,0.5745583038869257,0.9951040391676866,0.728494623655914,0.9951040391675648,0.7368421052630677,0.25826193390449714
0.11220601,0.5754783841247342,0.9938800489596084,0.7289048473967684,0.9938800489594867,0.7331701346388331,0.2607099143206536
0.12198442,0.577524893314367,0.9938800489596084,0.7305443094916779,0.9938800489594867,0.7270501835984422,0.26682986536104447
0.13176283,0.577524893314367,0.9938800489596084,0.7305443094916779,0.9938800489594867,0.7270501835984422,0.26682986536104447
0.14154124,0.58,0.9938800489596084,0.7325214253495715,0.9938800489594867,0.719706242349973,0.2741738066095136
0.15131965,0.5812455261274159,0.9938800489596084,0.7335140018066847,0.9938800489594867,0.7160342717257385,0.27784577723374815
0.16109806,0.5815959741193386,0.9902080783353733,0.7327898550724637,0.990208078335252,0.712362301101504,0.27784577723374804
0.17087644,0.5822510822510822,0.9877600979192166,0.7326373127553336,0.9877600979190957,0.7086903304772694,0.2790697674418263
0.18065488,0.583756345177665,0.98531211750306,0.7331511839708561,0.9853121175029393,0.7025703794368785,0.28274173806606084
0.19043326,0.5850290697674418,0.98531211750306,0.7341541267669859,0.9853121175029393,0.6988984088126439,0.2864137086902955
0.20021164,0.587162654996353,0.98531211750306,0.7358318098720292,0.9853121175029393,0.692778457772253,0.29253365973068635
0.20999008,0.5878477306002928,0.9828641370869033,0.7356848373797527,0.982864137086783,0.6891064871480185,0.2937576499387645
0.21976846,0.5897058823529412,0.981640146878825,0.7367937528709233,0.9816401468787047,0.6829865361076275,0.2986536107710772
0.2295469,0.5920177383592018,0.9804161566707467,0.7382488479262673,0.9804161566706265,0.6756425948591583,0.3047735618114682
0.23932528,0.593170007423905,0.97796817625459,0.7384473197781886,0.9779681762544702,0.6707466340268456,0.30722154222762454
0.24910372,0.5953627524308153,0.9742962056303549,0.7390900649953575,0.9742962056302357,0.6621787025702983,0.31211750305993735
0.2588821,0.5974416854778029,0.9718482252141983,0.7399813606710158,0.9718482252140793,0.6548347613218293,0.31701346389225005
0.26866055,0.5992452830188679,0.9718482252141983,0.7413632119514473,0.9718482252140793,0.6499388004895165,0.32190942472456285
0.27843893,0.601213040181956,0.9706242350061199,0.7425093632958801,0.9706242350060011,0.6438188494491256,0.32680538555687555
0.2882173,0.6018306636155606,0.9657282741738066,0.7415413533834586,0.9657282741736883,0.6389228886168128,0.32680538555687555
0.29799575,0.602760736196319,0.9620563035495716,0.7411598302687411,0.9620563035494538,0.6340269277845001,0.3280293757649537
0.30777413,0.6054263565891473,0.95593635250918,0.7413383958234456,0.9559363525090628,0.6230110159117964,0.3329253365972664
0.31755257,0.6101960784313726,0.9522643818849449,0.7437858508604207,0.9522643818848283,0.6083231334148582,0.3439412484699701
0.32733095,0.6132596685082873,0.9510403916768666,0.7456813819577736,0.9510403916767501,0.5997552019583109,0.35128518971843925
0.3371094,0.6172248803827751,0.9473684210526315,0.7474649927571222,0.9473684210525156,0.587515299877529,0.3598531211749866
0.34688777,0.6224737267582862,0.9424724602203183,0.7497565725413826,0.9424724602202028,0.5716034271725127,0.37086903304769014
0.3566662,0.625,0.9424724602203183,0.7515861395802831,0.9424724602202028,0.5654834761321217,0.3769889840880811
0.3664446,0.6292962356792144,0.9412484700122399,0.754291319274154,0.9412484700121246,0.554467564259418,0.3867809057527066
0.37622297,0.6314921681780709,0.9375764993880049,0.7546798029556651,0.9375764993878901,0.547123623010949,0.39045287637694115
0.3860014,0.6341059602649006,0.9375764993880049,0.7565432098765432,0.9375764993878901,0.541003671970558,0.39657282741733213
0.3957798,0.6395641240569991,0.9339045287637698,0.7592039800995025,0.9339045287636555,0.5263157894736198,0.4075887392900357
0.40555823,0.6427364864864865,0.9314565483476133,0.7606196901549226,0.9314565483474991,0.5177478580170725,0.4137086903304267
0.4153366,0.6493174061433447,0.9314565483476133,0.7652086475615887,0.9314565483474991,0.5030599755201343,0.4283965728273649
0.42511505,0.6548442906574394,0.9265605875152999,0.7673593512417638,0.9265605875151864,0.488372093023196,0.43818849449199043
0.43489343,0.6594076655052264,0.9265605875152999,0.7704834605597964,0.9265605875151864,0.4785801713585705,0.44798041615661593
0.4446718,0.6640211640211641,0.9216646266829865,0.7719118400820092,0.9216646266828736,0.46634026927778865,0.455324357405085
0.45445025,0.6643046944198405,0.9179926560587516,0.7708119218910586,0.9179926560586391,0.4638922888616323,0.4541003671970068
0.46422863,0.6663693131132917,0.9143206854345165,0.7708978328173375,0.9143206854344046,0.4577723378212414,0.4565483476131632
0.47400707,0.6699640287769785,0.9118727050183598,0.7724209434940383,0.9118727050182482,0.44920440636469405,0.4626682986535542
0.48378545,0.6717763751127142,0.9118727050183598,0.7736240913811008,0.9118727050182482,0.44553243574045953,0.4663402692777887
0.4935639,0.6757493188010899,0.9106487148102815,0.7758081334723671,0.91064871481017,0.4369645042839122,0.47368421052625775
0.5033423,0.676094890510949,0.9069767441860465,0.7746994249869316,0.9069767441859354,0.43451652386775586,0.4724602203181796
0.51312065,0.6773308957952467,0.9069767441860465,0.7755102040816326,0.9069767441859354,0.43206854345159945,0.474908200734336
0.5228991,0.6795937211449676,0.9008567931456548,0.7747368421052632,0.9008567931455446,0.42472460220313035,0.4761321909424142
0.5326775,0.6840148698884758,0.9008567931456548,0.7776016904384575,0.9008567931455446,0.4161566707465831,0.4847001223989615
0.5424559,0.6883239171374764,0.8947368421052632,0.7780734433209153,0.8947368421051536,0.4051407588738794,0.4895960832312742
0.5522343,0.6901140684410646,0.8886168910648715,0.7768860353130016,0.8886168910647627,0.3990208078334885,0.48959608323127424
0.56201273,0.6920115495668913,0.8800489596083231,0.7747844827586207,0.8800489596082154,0.3916768665850194,0.488372093023196
0.5717911,0.6934235976789168,0.8776009791921665,0.7747163695299838,0.877600979192059,0.3880048959607848,0.48959608323127424
0.58156955,0.6938775510204082,0.8739290085679314,0.7735644637053087,0.8739290085678244,0.38555691554462845,0.48837209302319595
0.59134793,0.6963761018609207,0.8702570379436965,0.7736670293797606,0.8702570379435899,0.37943696450423753,0.49082007343935236
0.6011263,0.7002967359050445,0.8665850673194615,0.774617067833698,0.8665850673193554,0.3708690330476902,0.49571603427166516
0.61090475,0.7030784508440914,0.8665850673194615,0.7763157894736842,0.8665850673193554,0.36597307221537745,0.5006119951039779
0.62068313,0.7038883349950149,0.8641370869033048,0.7758241758241758,0.8641370869031989,0.3635250917992211,0.5006119951039778
0.6304616,0.7037037037037037,0.8604651162790697,0.7742290748898678,0.8604651162789644,0.3623011015911429,0.49816401468782145
0.64023995,0.7070707070707071,0.8567931456548348,0.774764803541782,0.8567931456547299,0.35495716034267377,0.5018359853120561
0.6500184,0.7073170731707317,0.8518971848225214,0.7729039422543031,0.851897184822417,0.3525091799265174,0.49938800489589963
0.65979683,0.7094455852156057,0.8457772337821298,0.7716359575656058,0.8457772337820262,0.3463892288861265,0.4993880048958997
0.6695752,0.7118997912317327,0.8347613219094248,0.7684507042253521,0.8347613219093225,0.33782129742957917,0.49694002447974334
0.6793536,0.7121848739495799,0.8298653610771114,0.7665347654041832,0.8298653610770098,0.3353733170134228,0.494492044063587
0.689132,0.7182203389830508,0.8298653610771114,0.7700170357751278,0.8298653610770098,0.3255813953487973,0.5042839657282125
0.69891036,0.7207303974221267,0.8212974296205631,0.7677345537757437,0.8212974296204625,0.3182374541003282,0.5030599755201343
0.70868886,0.7242128121606949,0.8164014687882497,0.7675489067894131,0.8164014687881497,0.3108935128518591,0.5055079559362905
0.71846724,0.7244785949506037,0.8078335373317014,0.7638888888888888,0.8078335373316025,0.30722154222762454,0.5006119951039779
0.7282456,0.7249443207126949,0.7968176254589964,0.7591836734693878,0.7968176254588988,0.3023255813953118,0.494492044063587
0.738024,0.7271702367531003,0.7894736842105263,0.7570422535211268,0.7894736842104296,0.29620563035492087,0.49326805385550876
0.7478024,0.7305045871559633,0.7796817625458996,0.7542924807578448,0.7796817625458041,0.2876376988983736,0.49204406364743053
0.7575809,0.7321637426900585,0.7662178702570379,0.7488038277511961,0.7662178702569441,0.2802937576499045,0.4859241126070396
0.76735926,0.7330960854092526,0.7564259485924113,0.744578313253012,0.7564259485923186,0.27539779681759174,0.48102815177472685
0.77713764,0.7363966142684402,0.7454100367197063,0.7408759124087592,0.7454100367196149,0.2668298653610444,0.4785801713585705
0.786916,0.7411477411477412,0.7429620563035496,0.7420537897310513,0.7429620563034586,0.2594859241125753,0.48347613219088326
0.7966945,0.7453416149068323,0.7343941248470012,0.7398273736128237,0.7343941248469112,0.25091799265602804,0.4834761321908832
0.8064729,0.7452471482889734,0.7197062423500612,0.7322540473225405,0.719706242349973,0.2460220318237153,0.47368421052625775
0.8162513,0.7490247074122237,0.7050183598531212,0.7263556116015133,0.7050183598530348,0.2362301101590898,0.46878824969394506
0.82602966,0.7536423841059603,0.6964504283965728,0.7239185750636132,0.6964504283964875,0.2276621787025425,0.46878824969394506
0.83580804,0.7544097693351425,0.6805385556915544,0.7155727155727156,0.6805385556914711,0.22154222766215156,0.45899632802931956
0.84558654,0.7597765363128491,0.6658506731946144,0.7097195042400521,0.665850673194533,0.21052631578944792,0.45532435740508503
0.8553649,0.7621776504297995,0.6511627906976745,0.7023102310231023,0.6511627906975946,0.2031823745409788,0.4479804161566159
0.8651433,0.7666174298375185,0.6352509179926561,0.6947791164658634,0.6352509179925783,0.1933904528763533,0.44186046511622495
0.8749217,0.7806748466257669,0.6230110159118727,0.6929884275017019,0.6230110159117964,0.17503059975518054,0.4479804161566159
0.8847002,0.786053882725832,0.6070991432068543,0.6850828729281768,0.60709914320678,0.16523867809055504,0.441860465116225
0.89447856,0.7933884297520661,0.587515299877601,0.6751054852320675,0.587515299877529,0.15299877600977319,0.43451652386775586
0.90425694,0.7926829268292683,0.5569155446756426,0.6542056074766355,0.5569155446755744,0.1456548347613041,0.4112607099142703
0.9140353,0.8010849909584087,0.5422276621787026,0.6467153284671533,0.5422276621786362,0.1346389228886004,0.40758873929003575
0.9238137,0.8034026465028355,0.5201958384332925,0.6315007429420505,0.5201958384332288,0.12729498164013128,0.3929008567930975
0.9335922,0.8151093439363817,0.5018359853121175,0.6212121212121212,0.5018359853120561,0.11383108935127124,0.38800489596078486
0.9433706,0.8232848232848233,0.4847001223990208,0.6101694915254238,0.48470012239896143,0.10403916768664577,0.38066095471231565
0.95314896,0.8264642082429501,0.4663402692778458,0.596244131455399,0.46634026927778865,0.09791921664625484,0.3684210526315338
0.96292734,0.84,0.4369645042839657,0.5748792270531401,0.4369645042839122,0.08323133414931662,0.3537331701345956
0.97270584,0.8422391857506362,0.40514075887392903,0.547107438016529,0.4051407588738794,0.0758873929008475,0.3292533659730319
0.9824842,0.8409703504043127,0.3818849449204406,0.5252525252525253,0.3818849449203939,0.07221542227661294,0.30966952264378095
0.9922626,0.8455056179775281,0.3684210526315789,0.5132139812446718,0.36842105263153385,0.0673194614443002,0.3011015911872337
1.002041,0.8508771929824561,0.3561811505507956,0.5021570319240725,0.356181150550752,0.06242350061198746,0.2937576499387645
1.0118194,0.8628048780487805,0.3463892288861689,0.4943231441048035,0.3463892288861265,0.05507955936351835,0.2913096695226082
1.0215979,0.8662420382165605,0.3329253365973072,0.48099027409372236,0.3329253365972665,0.05140758873928379,0.28151774785798267
1.0313762,0.8817567567567568,0.31946144430844553,0.46900269541778977,0.3194614443084064,0.04283965728273649,0.2766217870256699
1.0411546,0.8804347826086957,0.2974296205630355,0.444647758462946,0.2974296205629991,0.04039167686658012,0.25703794369641897
1.050933,0.8843283582089553,0.29008567931456547,0.4368663594470046,0.29008567931452994,0.03794369645042375,0.25214198286410616
1.0607115,0.8875968992248062,0.2802937576499388,0.42604651162790697,0.2802937576499045,0.03549571603426738,0.24479804161563712
1.0704899,0.8870292887029289,0.2594859241126071,0.4015151515151515,0.2594859241125753,0.03304773561811101,0.22643818849446432
1.0802683,0.8969957081545065,0.2558139534883721,0.3980952380952381,0.2558139534883408,0.029375764993876452,0.22643818849446434
1.0900466,0.8977777777777778,0.24724602203182375,0.3877159309021113,0.24724602203179347,0.028151774785798268,0.2190942472459952
1.099825,0.9009009009009009,0.24479804161566707,0.3849855630413859,0.2447980416156371,0.02692778457772008,0.21787025703791701
1.1096035,0.9142857142857143,0.2350061199510404,0.373904576436222,0.23500611995101162,0.02203182374540734,0.21297429620560426
1.1193819,0.9086294416243654,0.21909424724602203,0.3530571992110454,0.21909424724599522,0.02203182374540734,0.1970624235005879
1.1291603,0.9032258064516129,0.20563035495716034,0.3349950149551346,0.20563035495713516,0.02203182374540734,0.1835985312117278
1.1389387,0.9028571428571428,0.193390452876377,0.3185483870967742,0.1933904528763533,0.020807833537329155,0.17258261933902416
1.148717,0.9011627906976745,0.189718482252142,0.3134479271991911,0.18971848225211876,0.020807833537329155,0.1689106487147896
1.1584955,0.896969696969697,0.18115055079559364,0.3014256619144603,0.18115055079557146,0.020807833537329155,0.1603427172582423
1.1682739,0.9,0.1762545899632803,0.2947799385875128,0.1762545899632587,0.019583843329250967,0.15667074663400773
1.1780523,0.8974358974358975,0.17135862913096694,0.28776978417266186,0.17135862913094596,0.019583843329250967,0.15177478580169498
1.1878307,0.9054054054054054,0.16401468788249693,0.277720207253886,0.16401468788247686,0.017135862913094598,0.14687882496938226
1.1976092,0.9090909090909091,0.1591187270501836,0.2708333333333333,0.1591187270501641,0.01591187270501641,0.1432068543451477
1.2073876,0.9153846153846154,0.1456548347613219,0.25131995776135163,0.1456548347613041,0.01346389228886004,0.13219094247244403
1.217166,0.9173553719008265,0.13586291309669524,0.23667377398720682,0.13586291309667858,0.012239902080781856,0.12362301101589673
1.2269443,0.9380530973451328,0.12974296205630356,0.22795698924731184,0.12974296205628766,0.008567931456547299,0.12117503059974036
1.2367227,0.9333333333333333,0.11995104039167687,0.21258134490238612,0.11995104039166218,0.008567931456547299,0.11138310893511488
1.2465012,0.9381443298969072,0.11138310893512852,0.19912472647702406,0.11138310893511488,0.007343941248469113,0.10403916768664577
1.2562796,0.9354838709677419,0.10648714810281518,0.1912087912087912,0.10648714810280213,0.007343941248469113,0.09914320685433302
1.266058,0.9534883720930233,0.1003671970624235,0.18161683277962348,0.1003671970624112,0.004895960832312742,0.09547123623009847
1.2758363,0.948051948051948,0.08935128518971848,0.16331096196868009,0.08935128518970754,0.004895960832312742,0.0844553243573948
1.2856148,0.958904109589041,0.08567931456548347,0.15730337078651685,0.08567931456547298,0.0036719706242345565,0.08200734394123843
1.2953932,0.9705882352941176,0.08078335373317014,0.14915254237288136,0.08078335373316024,0.002447980416156371,0.07833537331700387
1.3051716,0.967741935483871,0.07343941248470012,0.13651877133105803,0.07343941248469113,0.002447980416156371,0.07099143206853475
1.31495,0.9642857142857143,0.06609547123623011,0.12371134020618557,0.06609547123622202,0.002447980416156371,0.06364749082006564
1.3247284,0.9591836734693877,0.05752753977968176,0.10854503464203233,0.057527539779674716,0.002447980416156371,0.05507955936351835
1.3345069,0.9761904761904762,0.05018359853121175,0.09545983701979045,0.0501835985312056,0.0012239902080781854,0.048959608323127415
1.3442852,0.975609756097561,0.04895960832313342,0.09324009324009325,0.04895960832312742,0.0012239902080781854,0.047735618115049235
1.3540636,0.9722222222222222,0.042839657282741736,0.08206330597889801,0.04283965728273649,0.0012239902080781854,0.0416156670746583
1.363842,0.96875,0.037943696450428395,0.07302709069493522,0.03794369645042375,0.0012239902080781854,0.036719706242345565
1.3736204,0.9655172413793104,0.03427172582619339,0.06619385342789598,0.034271725826189196,0.0012239902080781854,0.03304773561811101
1.3833989,0.9523809523809523,0.02447980416156671,0.0477326968973747,0.02447980416156371,0.0012239902080781854,0.023255813953485527
1.3931773,0.95,0.023255813953488372,0.04540023894862605,0.023255813953485523,0.0012239902080781854,0.02203182374540734
1.4029557,0.9444444444444444,0.0208078335373317,0.0407185628742515,0.020807833537329155,0.0012239902080781854,0.01958384332925097
1.412734,0.9411764705882353,0.019583843329253364,0.03836930455635491,0.019583843329250967,0.0012239902080781854,0.018359853121172783
1.4225125,1.0,0.01835985312117503,0.036057692307692304,0.018359853121172783,0.0,0.018359853121172783
1.4322909,1.0,0.01591187270501836,0.03132530120481928,0.01591187270501641,0.0,0.01591187270501641
1.4420693,1.0,0.012239902080783354,0.02418379685610641,0.012239902080781856,0.0,0.012239902080781856
1.4518477,1.0,0.0073439412484700125,0.014580801944106925,0.007343941248469113,0.0,0.007343941248469113
1.461626,1.0,0.006119951040391677,0.012165450121654502,0.006119951040390928,0.0,0.006119951040390928
1.4714046,1.0,0.006119951040391677,0.012165450121654502,0.006119951040390928,0.0,0.006119951040390928
1.4811829,1.0,0.004895960832313341,0.0097442143727162,0.004895960832312742,0.0,0.004895960832312742
1.4909613,1.0,0.004895960832313341,0.0097442143727162,0.004895960832312742,0.0,0.004895960832312742
1.5007397,1.0,0.0036719706242350062,0.007317073170731708,0.0036719706242345565,0.0,0.0036719706242345565
1.5105182,1.0,0.0036719706242350062,0.007317073170731708,0.0036719706242345565,0.0,0.0036719706242345565
1.5202966,1.0,0.0036719706242350062,0.007317073170731708,0.0036719706242345565,0.0,0.0036719706242345565
1.530075,1.0,0.0036719706242350062,0.007317073170731708,0.0036719706242345565,0.0,0.0036719706242345565
1.5398533,1.0,0.0024479804161566705,0.004884004884004884,0.002447980416156371,0.0,0.002447980416156371
1.5496317,1.0,0.0024479804161566705,0.004884004884004884,0.002447980416156371,0.0,0.002447980416156371
1.5594102,1.0,0.0024479804161566705,0.004884004884004884,0.002447980416156371,0.0,0.002447980416156371
1.5691886,1.0,0.0024479804161566705,0.004884004884004884,0.002447980416156371,0.0,0.002447980416156371
1.578967,1.0,0.0024479804161566705,0.004884004884004884,0.002447980416156371,0.0,0.002447980416156371
1.5887454,1.0,0.0012239902080783353,0.0024449877750611247,0.0012239902080781854,0.0,0.0012239902080781854
1.5985237,0.0,0.0,0.0,0.0,0.0,0.0
